Date,Month,Year
2025-01-01,Jan,2025
2022-01-02,Jan,2022
2024-01-03,Jan,2024
2023-01-04,Jan,2023
2021-01-05,Jan,2021
2022-01-06,Jan,2022
2024-01-07,Jan,2024
2025-01-08,Jan,2025
2023-01-09,Jan,2023
2022-01-10,Jan,2022
2021-01-11,Jan,2021
2025-01-12,Jan,2025
2021-01-13,Jan,2021
2021-01-14,Jan,2021
2024-01-15,Jan,2024
2024-01-16,Jan,2024
2021-01-17,Jan,2021
2023-01-18,Jan,2023
2024-01-19,Jan,2024
2024-01-20,Jan,2024
2021-01-21,Jan,2021
2023-01-22,Jan,2023
2022-01-23,Jan,2022
2025-01-24,Jan,2025
2023-01-25,Jan,2023
2024-01-26,Jan,2024
2025-01-27,Jan,2025
2022-01-28,Jan,2022
2021-01-29,Jan,2021
2023-01-30,Jan,2023
